{"global_step": 249609, "_timestamp": 1643493088.7954903, "rollout/ep_len_mean": 149.83999633789062, "rollout/ep_rew_mean": -89.9800033569336, "rollout/exploration_rate": 0.05000000074505806, "time/fps": 204.0, "_runtime": 1226, "_step": 314, "train/learning_rate": 9.999999747378752e-05, "train/loss": 0.02384970150887966, "gradients/q_net.q_net.0.bias": {"_type": "histogram", "values": [1.0, 0.0, 0.0, 0.0, 0.0, 0.0, 0.0, 0.0, 0.0, 0.0, 0.0, 0.0, 0.0, 0.0, 0.0, 0.0, 0.0, 0.0, 0.0, 0.0, 0.0, 0.0, 0.0, 0.0, 0.0, 0.0, 0.0, 0.0, 0.0, 0.0, 0.0, 0.0, 0.0, 0.0, 0.0, 0.0, 0.0, 0.0, 0.0, 0.0, 0.0, 0.0, 0.0, 0.0, 0.0, 0.0, 0.0, 1.0, 0.0, 0.0, 0.0, 0.0, 0.0, 0.0, 0.0, 0.0, 0.0, 0.0, 0.0, 0.0, 0.0, 0.0, 0.0, 1.0], "bins": [0.04758763313293457, 0.0528641976416111, 0.05814076215028763, 0.06341733038425446, 0.06869389116764069, 0.07397045195102692, 0.07924702018499374, 0.08452358841896057, 0.0898001492023468, 0.09507670998573303, 0.10035327821969986, 0.10562984645366669, 0.11090640723705292, 0.11618296802043915, 0.12145953625440598, 0.1267361044883728, 0.13201266527175903, 0.13728922605514526, 0.1425657868385315, 0.14784236252307892, 0.15311892330646515, 0.15839548408985138, 0.1636720597743988, 0.16894862055778503, 0.17422518134117126, 0.1795017421245575, 0.18477830290794373, 0.19005487859249115, 0.19533143937587738, 0.2006080001592636, 0.20588457584381104, 0.21116113662719727, 0.2164376974105835, 0.22171425819396973, 0.22699081897735596, 0.23226739466190338, 0.2375439554452896, 0.24282051622867584, 0.24809709191322327, 0.2533736526966095, 0.2586502134799957, 0.26392677426338196, 0.2692033350467682, 0.2744798958301544, 0.27975648641586304, 0.28503304719924927, 0.2903096079826355, 0.29558616876602173, 0.30086272954940796, 0.3061392903327942, 0.3114158511161804, 0.31669241189956665, 0.3219689726829529, 0.3272455632686615, 0.33252212405204773, 0.33779868483543396, 0.3430752456188202, 0.3483518064022064, 0.35362836718559265, 0.3589049279689789, 0.3641815185546875, 0.36945807933807373, 0.37473464012145996, 0.3800112009048462, 0.3852877616882324]}, "gradients/q_net.q_net.0.weight": {"_type": "histogram", "values": [1103.0, 11.0, 3.0, 11.0, 4.0, 27.0, 76.0, 30.0, 2.0, 0.0, 1.0, 0.0, 0.0, 0.0, 0.0, 0.0, 0.0, 1.0, 0.0, 0.0, 0.0, 0.0, 1.0, 0.0, 1.0, 1.0, 1.0, 6.0, 1.0, 1.0, 2.0, 3.0, 8.0, 10.0, 8.0, 6.0, 12.0, 11.0, 10.0, 10.0, 11.0, 17.0, 13.0, 10.0, 10.0, 9.0, 14.0, 4.0, 9.0, 2.0, 7.0, 9.0, 5.0, 9.0, 11.0, 6.0, 8.0, 3.0, 2.0, 3.0, 3.0, 5.0, 2.0, 3.0], "bins": [-0.014304783195257187, 0.00669839046895504, 0.027701564133167267, 0.04870473966002464, 0.06970791518688202, 0.0907110869884491, 0.11171425879001617, 0.13271743059158325, 0.15372060239315033, 0.1747237741947174, 0.19572694599628448, 0.21673011779785156, 0.23773330450057983, 0.2587364614009857, 0.279739648103714, 0.3007428050041199, 0.32174599170684814, 0.3427491784095764, 0.3637523353099823, 0.38475552201271057, 0.40575867891311646, 0.4267618656158447, 0.447765052318573, 0.4687682092189789, 0.48977139592170715, 0.510774552822113, 0.5317777395248413, 0.5527809262275696, 0.5737841129302979, 0.5947872400283813, 0.6157904267311096, 0.6367936134338379, 0.6577968001365662, 0.6787999868392944, 0.6998031735420227, 0.7208063006401062, 0.7418094873428345, 0.7628126740455627, 0.783815860748291, 0.8048189878463745, 0.8258221745491028, 0.846825361251831, 0.8678285479545593, 0.8888316750526428, 0.9098348617553711, 0.9308380484580994, 0.9518412351608276, 0.9728443622589111, 0.9938476085662842, 1.0148507356643677, 1.0358539819717407, 1.0568571090698242, 1.0778603553771973, 1.0988634824752808, 1.1198666095733643, 1.1408698558807373, 1.1618729829788208, 1.1828761100769043, 1.2038793563842773, 1.2248824834823608, 1.2458857297897339, 1.2668888568878174, 1.2878919839859009, 1.308895230293274, 1.3298983573913574]}, "gradients/q_net.features_extractor.linear.0.bias": {"_type": "histogram", "values": [1.0, 2.0, 2.0, 3.0, 4.0, 5.0, 8.0, 5.0, 5.0, 7.0, 5.0, 9.0, 11.0, 12.0, 5.0, 13.0, 8.0, 7.0, 3.0, 6.0, 5.0, 4.0, 3.0, 1.0, 0.0, 0.0, 0.0, 4.0, 1.0, 0.0, 2.0, 3.0, 2.0, 1.0, 358.0, 1.0, 0.0, 0.0, 1.0, 1.0, 1.0, 1.0, 0.0, 0.0, 0.0, 0.0, 0.0, 0.0, 0.0, 0.0, 0.0, 0.0, 0.0, 0.0, 0.0, 0.0, 0.0, 0.0, 0.0, 1.0, 0.0, 0.0, 0.0, 1.0], "bins": [-0.05957945063710213, -0.057855647057294846, -0.056131843477487564, -0.05440803989768028, -0.052684236317873, -0.05096043273806572, -0.04923662915825844, -0.04751282557845116, -0.045789021998643875, -0.044065218418836594, -0.04234141483902931, -0.04061761125922203, -0.03889380767941475, -0.03717000409960747, -0.035446200519800186, -0.033722396939992905, -0.03199859336018562, -0.03027478978037834, -0.02855098620057106, -0.02682718262076378, -0.025103379040956497, -0.023379575461149216, -0.021655771881341934, -0.019931968301534653, -0.01820816472172737, -0.01648436114192009, -0.014760557562112808, -0.013036753982305527, -0.011312950402498245, -0.009589146822690964, -0.007865343242883682, -0.006141539663076401, -0.004417732357978821, -0.0026939287781715393, -0.0009701251983642578, 0.0007536783814430237, 0.002477481961250305, 0.004201285541057587, 0.005925089120864868, 0.00764889270067215, 0.009372696280479431, 0.011096499860286713, 0.012820303440093994, 0.014544107019901276, 0.016267910599708557, 0.01799171417951584, 0.01971551775932312, 0.0214393213391304, 0.023163124918937683, 0.024886928498744965, 0.026610732078552246, 0.028334535658359528, 0.03005833923816681, 0.03178214281797409, 0.03350594639778137, 0.035229749977588654, 0.036953553557395935, 0.03867735713720322, 0.0404011607170105, 0.04212496429681778, 0.04384876787662506, 0.04557257145643234, 0.047296375036239624, 0.049020178616046906, 0.05074398219585419]}, "gradients/q_net.features_extractor.linear.0.weight": {"_type": "histogram", "values": [7.0, 5.0, 7.0, 16.0, 33.0, 33.0, 49.0, 91.0, 103.0, 151.0, 204.0, 296.0, 402.0, 586.0, 823.0, 1297.0, 1966.0, 2906.0, 4120.0, 5560.0, 7192.0, 8875.0, 11423.0, 14261.0, 16300.0, 17831.0, 20102.0, 20571.0, 19865.0, 19426.0, 20848.0, 27411.0, 55998.0, 1314668.0, 3984.0, 2700.0, 1779.0, 771.0, 367.0, 269.0, 254.0, 258.0, 248.0, 232.0, 206.0, 246.0, 207.0, 193.0, 171.0, 97.0, 70.0, 48.0, 30.0, 15.0, 14.0, 11.0, 12.0, 5.0, 7.0, 2.0, 5.0, 1.0, 1.0, 3.0], "bins": [-0.012156438082456589, -0.011795617640018463, -0.011434797197580338, -0.011073977686464787, -0.010713157244026661, -0.010352336801588535, -0.009991517290472984, -0.009630696848034859, -0.009269876405596733, -0.008909055963158607, -0.008548235520720482, -0.008187416009604931, -0.007826595567166805, -0.00746577512472868, -0.007104955147951841, -0.006744135171175003, -0.0063833147287368774, -0.006022494286298752, -0.0056616743095219135, -0.005300854332745075, -0.00494003389030695, -0.004579213447868824, -0.004218393471091986, -0.0038575732614845037, -0.003496753051877022, -0.00313593284226954, -0.002775112632662058, -0.002414292423054576, -0.002053472213447094, -0.001692652003839612, -0.00133183179423213, -0.0009710115846246481, -0.0006101923063397408, -0.0002493720967322588, 0.00011144811287522316, 0.0004722683224827051, 0.0008330885320901871, 0.001193908741697669, 0.001554728951305151, 0.001915549160912633, 0.002276369370520115, 0.002637189580127597, 0.002998009789735079, 0.0033588299993425608, 0.0037196502089500427, 0.004080470651388168, 0.004441290628165007, 0.004802110604941845, 0.0051629310473799706, 0.005523751489818096, 0.0058845714665949345, 0.006245391443371773, 0.006606211885809898, 0.006967032328248024, 0.007327852305024862, 0.007688672281801701, 0.008049492724239826, 0.008410313166677952, 0.008771132677793503, 0.009131953120231628, 0.009492773562669754, 0.00985359400510788, 0.010214414447546005, 0.010575233958661556, 0.010936054401099682]}, "gradients/q_net.features_extractor.cnn.4.bias": {"_type": "histogram",